<?xml version="1.0" encoding="utf-8" ?>
<dwsync>
<file name="apple-touch-icon.png" server="C:/xampp/htdocs/anglicancollege/" local="131396552840000000" remote="131396552840000000" />
<file name="campuses.html" server="C:/xampp/htdocs/anglicancollege/" local="131396552910000000" remote="131396552910000000" />
<file name="index.php" server="C:/xampp/htdocs/anglicancollege/" local="131556638152958964" remote="131556638150000000" />
<file name="data.php" server="C:/xampp/htdocs/anglicancollege/" local="131551416920267618" remote="131551416920000000" />
<file name="facultydetail.html" server="C:/xampp/htdocs/anglicancollege/" local="131555835199656715" remote="131555835190000000" />
<file name="Copy of 404error.html" server="C:/xampp/htdocs/anglicancollege/" local="131555919197702375" remote="131555919190000000" />
<file name="untitled.php" server="C:/xampp/htdocs/anglicancollege/" local="131555849981682506" remote="131555849980000000" />
<file name="jQuery.print.js" server="C:/xampp/htdocs/anglicancollege/" local="131555859783364472" remote="131555859780000000" />
<file name="results.html" server="C:/xampp/htdocs/anglicancollege/" local="131556636856962555" remote="131556636850000000" />
<file name="classlevel.php" server="C:/xampp/htdocs/anglicancollege/" local="131559052985242634" remote="131559052980000000" />
<file name="ranktest.php" server="C:/xampp/htdocs/anglicancollege/" local="131559211632633626" remote="131559211630000000" />
<file name="resultchecker.php" server="C:/xampp/htdocs/anglicancollege/" local="131558097633294967" remote="131558097630000000" />
</dwsync>