<?xml version="1.0" encoding="utf-8" ?>
<dwsync>
<file name="index.php" server="C:/xampp/htdocs/anglicancollege/" local="131554798646825799" remote="131554798640000000" />
<file name="controlpanel.php" server="C:/xampp/htdocs/anglicancollege/" local="131562634449922092" remote="131562634440000000" />
<file name="stickterm.php" server="C:/xampp/htdocs/anglicancollege/" local="131562220687249562" remote="131562220680000000" />
<file name="sticksession.php" server="C:/xampp/htdocs/anglicancollege/" local="131562220689019669" remote="131562220680000000" />
<file name="addJstudent.php" server="C:/xampp/htdocs/anglicancollege/" local="131562205144238125" remote="131562205140000000" />
<file name="addJresult.php" server="C:/xampp/htdocs/anglicancollege/" local="131552805911425144" remote="131552805910000000" />
<file name="ecom-product-inside.html" server="C:/xampp/htdocs/anglicancollege/" local="131546109979538560" remote="131546109970000000" />
<file name="jResultUpdate.php" server="C:/xampp/htdocs/anglicancollege/" local="131552873418472973" remote="131552873410000000" />
<file name="computeJResult.php" server="C:/xampp/htdocs/anglicancollege/" local="131559966868993868" remote="131559966860000000" />
<file name="untitled.php" server="C:/xampp/htdocs/anglicancollege/" local="131559932066076944" remote="131559932060000000" />
<file name="addJStudentsuccess.php" server="C:/xampp/htdocs/anglicancollege/" local="131562213389471311" remote="131562213380000000" />
<file name="untitled1.php" server="C:/xampp/htdocs/anglicancollege/" local="131562329082222215" remote="131562329080000000" />
<file name="addSstudent.php" server="C:/xampp/htdocs/anglicancollege/" local="131562353593920868" remote="131562353590000000" />
</dwsync>