<?xml version="1.0" encoding="utf-8" ?>
<dwsync>
<file name="sprite.png" server="C:/xampp/htdocs/anglicancollege/" local="131388777560000000" remote="131388777560000000" />
<file name="contentPatternTop.png" server="C:/xampp/htdocs/anglicancollege/" local="131388777540000000" remote="131388777540000000" />
<file name="contentPatternLeft.png" server="C:/xampp/htdocs/anglicancollege/" local="131388777540000000" remote="131388777540000000" />
<file name="contentPatternRight.png" server="C:/xampp/htdocs/anglicancollege/" local="131388777540000000" remote="131388777540000000" />
<file name="loader.gif" server="C:/xampp/htdocs/anglicancollege/" local="131388777560000000" remote="131388777560000000" />
<file name="btnNext.png" server="C:/xampp/htdocs/anglicancollege/" local="131388777540000000" remote="131388777540000000" />
<file name="btnPrevious.png" server="C:/xampp/htdocs/anglicancollege/" local="131388777540000000" remote="131388777540000000" />
<file name="contentPatternBottom.png" server="C:/xampp/htdocs/anglicancollege/" local="131388777540000000" remote="131388777540000000" />
<file name="default_thumbnail.gif" server="C:/xampp/htdocs/anglicancollege/" local="131388777540000000" remote="131388777540000000" />
</dwsync>