<?xml version="1.0" encoding="utf-8" ?>
<dwsync>
<file name="img-10.jpg" server="C:/xampp/htdocs/anglicancollege/" local="131388777170000000" remote="131388777170000000" />
<file name="img-11.jpg" server="C:/xampp/htdocs/anglicancollege/" local="131388777170000000" remote="131388777170000000" />
<file name="img-12.jpg" server="C:/xampp/htdocs/anglicancollege/" local="131388777170000000" remote="131388777170000000" />
<file name="img-13.jpg" server="C:/xampp/htdocs/anglicancollege/" local="131388777190000000" remote="131388777190000000" />
<file name="img-14.jpg" server="C:/xampp/htdocs/anglicancollege/" local="131388777190000000" remote="131388777190000000" />
<file name="img-15.jpg" server="C:/xampp/htdocs/anglicancollege/" local="131388777190000000" remote="131388777190000000" />
<file name="img-16.jpg" server="C:/xampp/htdocs/anglicancollege/" local="131388777190000000" remote="131388777190000000" />
<file name="img-17.jpg" server="C:/xampp/htdocs/anglicancollege/" local="131388777200000000" remote="131388777200000000" />
<file name="img-18.jpg" server="C:/xampp/htdocs/anglicancollege/" local="131388777190000000" remote="131388777190000000" />
<file name="img-19.jpg" server="C:/xampp/htdocs/anglicancollege/" local="131388777200000000" remote="131388777200000000" />
<file name="img-20.jpg" server="C:/xampp/htdocs/anglicancollege/" local="131388777210000000" remote="131388777210000000" />
<file name="img-21.jpg" server="C:/xampp/htdocs/anglicancollege/" local="131388777210000000" remote="131388777210000000" />
<file name="img-00.jpg" server="C:/xampp/htdocs/anglicancollege/" local="131388777150000000" remote="131388777150000000" />
<file name="img-01.jpg" server="C:/xampp/htdocs/anglicancollege/" local="131388777140000000" remote="131388777140000000" />
<file name="img-02.jpg" server="C:/xampp/htdocs/anglicancollege/" local="131388777150000000" remote="131388777150000000" />
<file name="img-03.jpg" server="C:/xampp/htdocs/anglicancollege/" local="131388777150000000" remote="131388777150000000" />
<file name="img-04.jpg" server="C:/xampp/htdocs/anglicancollege/" local="131388777150000000" remote="131388777150000000" />
<file name="img-05.jpg" server="C:/xampp/htdocs/anglicancollege/" local="131388777150000000" remote="131388777150000000" />
<file name="img-06.jpg" server="C:/xampp/htdocs/anglicancollege/" local="131388777150000000" remote="131388777150000000" />
<file name="img-07.jpg" server="C:/xampp/htdocs/anglicancollege/" local="131388777160000000" remote="131388777160000000" />
<file name="img-08.jpg" server="C:/xampp/htdocs/anglicancollege/" local="131388777170000000" remote="131388777170000000" />
<file name="img-09.jpg" server="C:/xampp/htdocs/anglicancollege/" local="131388777170000000" remote="131388777170000000" />
</dwsync>