<?xml version="1.0" encoding="utf-8" ?>
<dwsync>
<file name="img-08.jpg" server="C:/xampp/htdocs/anglicancollege/" local="131388777340000000" remote="131388777340000000" />
<file name="img-01.jpg" server="C:/xampp/htdocs/anglicancollege/" local="131388777310000000" remote="131388777310000000" />
<file name="img-02.jpg" server="C:/xampp/htdocs/anglicancollege/" local="131388777310000000" remote="131388777310000000" />
<file name="img-03.jpg" server="C:/xampp/htdocs/anglicancollege/" local="131388777310000000" remote="131388777310000000" />
<file name="img-04.jpg" server="C:/xampp/htdocs/anglicancollege/" local="131388777320000000" remote="131388777320000000" />
<file name="img-05.jpg" server="C:/xampp/htdocs/anglicancollege/" local="131388777320000000" remote="131388777320000000" />
<file name="img-06.jpg" server="C:/xampp/htdocs/anglicancollege/" local="131388777320000000" remote="131388777320000000" />
<file name="img-07.jpg" server="C:/xampp/htdocs/anglicancollege/" local="131388777320000000" remote="131388777320000000" />
</dwsync>