<?xml version="1.0" encoding="utf-8" ?>
<dwsync>
<file name="owl.video.play.png" server="C:/xampp/htdocs/anglicancollege/" local="131388776570000000" remote="131388776570000000" />
<file name="bodybg-01.png" server="C:/xampp/htdocs/anglicancollege/" local="131388776480000000" remote="131388776480000000" />
<file name="logo.png" server="C:/xampp/htdocs/anglicancollege/" local="131540076281367184" remote="131540076280000000" />
<file name="img-01.jpg" server="C:/xampp/htdocs/anglicancollege/" local="131540087934375008" remote="131540087930000000" />
<file name="img-02.jpg" server="C:/xampp/htdocs/anglicancollege/" local="131388776490000000" remote="131388776490000000" />
<file name="logo2.png" server="C:/xampp/htdocs/anglicancollege/" local="131540159417944905" remote="131540159410000000" />
<file name="img-03.jpg" server="C:/xampp/htdocs/anglicancollege/" local="131540127610742754" remote="131540127610000000" />
<file name="img-22.jpg" server="C:/xampp/htdocs/anglicancollege/" local="131388776550000000" remote="131388776550000000" />
<file name="img-23.jpg" server="C:/xampp/htdocs/anglicancollege/" local="131388776550000000" remote="131388776550000000" />
<file name="404-img.jpg" server="C:/xampp/htdocs/anglicancollege/" local="131388776470000000" remote="131388776470000000" />
</dwsync>