<?xml version="1.0" encoding="utf-8" ?>
<dwsync>
<file name="owl.carousel.min.js" server="C:/xampp/htdocs/anglicancollege/" local="131396553180000000" remote="131396553180000000" />
<file name="isotope.pkgd.js" server="C:/xampp/htdocs/anglicancollege/" local="131396553160000000" remote="131396553160000000" />
<file name="prettyPhoto.js" server="C:/xampp/htdocs/anglicancollege/" local="131396553180000000" remote="131396553180000000" />
<file name="countdown.js" server="C:/xampp/htdocs/anglicancollege/" local="131396553140000000" remote="131396553140000000" />
<file name="collapse.js" server="C:/xampp/htdocs/anglicancollege/" local="131396553140000000" remote="131396553140000000" />
<file name="moment.js" server="C:/xampp/htdocs/anglicancollege/" local="131396553190000000" remote="131396553190000000" />
<file name="gmap3.js" server="C:/xampp/htdocs/anglicancollege/" local="131396553150000000" remote="131396553150000000" />
<file name="main.js" server="C:/xampp/htdocs/anglicancollege/" local="131396553140000000" remote="131396553140000000" />
</dwsync>