<?xml version="1.0" encoding="utf-8" ?>
<dwsync>
<file name="bootstrap.min.css" server="C:/xampp/htdocs/anglicancollege/" local="131396553210000000" remote="131396553210000000" />
<file name="normalize.css" server="C:/xampp/htdocs/anglicancollege/" local="131396553240000000" remote="131396553240000000" />
<file name="font-awesome.min.css" server="C:/xampp/htdocs/anglicancollege/" local="131396553210000000" remote="131396553210000000" />
<file name="icomoon.css" server="C:/xampp/htdocs/anglicancollege/" local="131396553220000000" remote="131396553220000000" />
<file name="animate.css" server="C:/xampp/htdocs/anglicancollege/" local="131396553210000000" remote="131396553210000000" />
<file name="prettyPhoto.css" server="C:/xampp/htdocs/anglicancollege/" local="131396553250000000" remote="131396553250000000" />
<file name="owl.carousel.css" server="C:/xampp/htdocs/anglicancollege/" local="131396553240000000" remote="131396553240000000" />
<file name="owl.theme.default.css" server="C:/xampp/htdocs/anglicancollege/" local="131396553240000000" remote="131396553240000000" />
<file name="transitions.css" server="C:/xampp/htdocs/anglicancollege/" local="131396553250000000" remote="131396553250000000" />
<file name="main.css" server="C:/xampp/htdocs/anglicancollege/" local="131396553270000000" remote="131396553270000000" />
<file name="color.css" server="C:/xampp/htdocs/anglicancollege/" local="131540100651166436" remote="131540100650000000" />
<file name="responsive.css" server="C:/xampp/htdocs/anglicancollege/" local="131396553250000000" remote="131396553250000000" />
</dwsync>